,title,topic,topic_keywords
0,"28-ton, 1.2-megawatt tidal kite is now exporting power to the grid",1,"brain, ai, people, head, new, implant, help, device, tech, ultrasound"
1,Shining Laser Light on Glass Creates a Solar Cell | New energy and sensor applications could await,-1,
2,"Tokyo scientists create nanoscrolls for next-gen tech | Researchers achieved a major breakthrough by crafting nanoscrolls using Janus nanosheets. This innovation unlocks doors to exciting possibilities in catalysis, optics, and clean energy.",-1,
3,'A mouse for your mouth': New device allows users to scroll with their tongues,0,"scientists, cells, space, tech, sensor, nasa, tiny, cancer, new, use"
4,"Deep Space Station 13 at NASA’s Goldstone complex in California – part of the agency’s Deep Space Network – is an experimental antenna that has been retrofitted with an optical terminal. In a first, this proof of concept received both radio frequency & laser signals from deep space at the same time.",18,"ray, 10, laser, bright, ultrafast, waves, photons, crystals, atomic, sound waves"
5,"This ultrasound sticker senses changing stiffness of deep internal organs. The sticky, wearable sensor could help identify early signs of acute liver failure.",0,"scientists, cells, space, tech, sensor, nasa, tiny, cancer, new, use"
6,"In a First, a Prosthetic Limb Can Sense Temperature Like a Living Hand",0,"scientists, cells, space, tech, sensor, nasa, tiny, cancer, new, use"
7,Alternate qubit design does error correction in hardware. Early-stage technology has the potential to cut qubits needed for useful computers.,5,"silicon, fastest, ibm, new, graphene, eventually, material, lead, electronics, develop"
8,Scientists develop a low-cost device to make cell therapy safer | A plastic microfluidic chip can remove some risky cells that could potentially become tumors before they are implanted in a patient.,12,"3d, printing, 3d printing, printed, 3d printed, tissue, brain, skin, blades, researchers"
9,"Gel and lithium-ion tech could enable 1000-mile EV range on one charge | Researchers achieve EV battery breakthrough with silicon-based materials and gel electrolytes, moving closer to a 1,000-kilometer range on a single charge.",3,"robot, robots, shape, fires, fight, carry, flying, soft, sized, robotic"
10,Inhalable sensors could enable early lung cancer detection,0,"scientists, cells, space, tech, sensor, nasa, tiny, cancer, new, use"
11,AI can now master your music—and it does shockingly well,0,"scientists, cells, space, tech, sensor, nasa, tiny, cancer, new, use"
12,CERN unleashes powerful robot-dog to inspect nuclear radiation zones,6,"quantum, computer, physicists, photonic, kind, end, useful, chip, computing, 000"
13,Sugar cane waste converted into concrete-beating Sugarcrete | Substance has been incorporated into an eco-friendly building material,-1,
14,"Momentary Fusion Breakthroughs Face Hard Reality. New NIF data yields promise, though road to repeatability remains long.",6,"quantum, computer, physicists, photonic, kind, end, useful, chip, computing, 000"
15,Researchers have developed a new method to extract high-quality iron using hydrogen plasma-based reduction to turn toxic red mud into iron that is pure enough for steelmaking.,1,"brain, ai, people, head, new, implant, help, device, tech, ultrasound"
16,"Korean researchers develop heat-resistant material that withstands 1000°C/1832°F | Not just high temperatures, the material also works well under extreme UV exposure making it ideal for applications in space too.",15,"jet, class, 72, targets, ice, china, fastest, field, air, developed"
17,AiSee wearable tells blind users what they're holding in their hand,0,"scientists, cells, space, tech, sensor, nasa, tiny, cancer, new, use"
18,Experimental gene therapy allows kids with inherited deafness to hear,0,"scientists, cells, space, tech, sensor, nasa, tiny, cancer, new, use"
19,"US firm plans to build 10,000 qubit quantum computer by 2026 | The first fault-tolerant quantum computer could be unveiled before the year end, marking an important milestone in the field.",5,"silicon, fastest, ibm, new, graphene, eventually, material, lead, electronics, develop"
20,This new piezoelectric bandage can heal broken bones faster | The future of bone healing could feature 'bone bandages' that harness piezoelectricity and natural minerals.,-1,
21,This biodegradable sensor can tell if your food is safe from pesticides | The device could help ensure food safety in a world that faces food scarcity and health issues due to the excessive use of agrochemicals.,-1,
22,NASA’s Next-Generation ISS Spacesuit Passes Zero-Gravity Test,-1,
23,First functional human brain tissue produced through 3D printing | A team of researchers has created functional 3D-printed brain tissue to examine the brain's function and study various neurological disorders.,11,"non, non toxic, developed, developed new, electronics, toxic, sensors, quantum, new, getting"
24,"Nanoparticle Skin Patch Monitors Tumor Size During Cancer Care | The nanoparticle-infused skin patch can send its data to a smartphone, making tumor monitoring even easier.",-1,
25,Infrared Sensors Can Now Peer Around Corners | Non-line-of-sight imaging is no longer restricted to visible wavelengths of light,10,"wearable, clothing, fabrics, smartphone, liquid, smart, tech, micro, affordable, adaptive"
26,Imaging method reveals new cells and structures in human brain tissue. A new microscopy technique that enables high-resolution imaging could one day help doctors diagnose and treat brain tumors.,0,"scientists, cells, space, tech, sensor, nasa, tiny, cancer, new, use"
27,The European Space Agency will test 3D printing metal on the ISS,-1,
28,"HaLow Wi-Fi standard achieves 1.8-mile range in field test | Ultra-long range could support public Wi-Fi, IoT, smart buildings, and more",-1,
29,Can a Brain Implant Treat Addiction? Some experts tout deep brain stimulation as a lifeline for people struggling with opioid use. Others question the hype.,0,"scientists, cells, space, tech, sensor, nasa, tiny, cancer, new, use"
30,"NASA's RST next-gen imaging tech lets experts directly view exoplanets | NASA's Roman Space Telescope, featuring the novel Coronagraph Instrument, is set to transform exoplanet imaging, pushing the boundaries of space exploration.",-1,
31,"How bacteria and self-healing roads could soon fix the UK’s 750,000 potholes",8,"vaccines, gene, viruses, including, microscope, dna, treatment, range, cell, cancer"
32,"Phone vibration motor used to build 3D tumor model for cancer drug testing | Researchers pioneer a $7 DIY device, using a cell phone motor, for high-throughput 3D tumor spheroid creation, revolutionizing anti-cancer drug testing.",-1,
33,"WaveAerospace has announced ""the world's fastest multirotor UAS,"" a ""new class of aircraft"" | A quadcopter drone with a 300+ mph jet turbine in the middle, capable of all-weather operation.",14,"drugs, body, lower, filled, patch, blood, push, deliver, inspired, ultrasound"
34,"The New, New Transistor. In power electronics, aluminum nitride could overtake two powerhouses that only recently bested silicon.",4,"battery, ion, design, homes, grid, range, 000, school, mile, does"
35,DNA particles that mimic viruses hold promise as vaccines,7,"nuclear, fusion, built, student built, japan, medicine, plasma, reality, student, uk"
36,"RTX CHIMERA new microwave fries drone target during White Sands testing | Throughout a three-week field test, Raytheon's CHIMERA high-powered microwave system managed to fry static targets and track aerial targets flawlessly.",14,"drugs, body, lower, filled, patch, blood, push, deliver, inspired, ultrasound"
37,"Researchers developed a battery-free sensor that reacts to sound waves, producing vibrational energy to power an electronic device | The novel sensor would not only reduce battery waste but could also power medical devices like cochlear implants or monitor buildings for faults.",-1,
38,"A breakthrough clinical trial using gene therapy has restored hearing to five children born deaf | After six months, the children were able to recognize speech and hold conversations, raising hopes for wider use in the near future.",-1,
39,It turns out NASA’s Mars helicopter was much more revolutionary than we knew | Ingenuity packed more computing power than all other NASA deep space missions combined.,-1,
40,"China creates atomic clock that will run error-free for 7.2 billion years | Using strontium and ultra-stable lasers, the researchers have built an optical clock, the second of its kind in the world.",5,"silicon, fastest, ibm, new, graphene, eventually, material, lead, electronics, develop"
41,"DNA From the Ocean’s ‘Twilight Zone’ Could Lead to New Lifesaving Drugs, Scientists Say. Researchers catalogued the genes of more than 300 million groups of marine bacteria, viruses and fungi in hopes that the database could lead to breakthroughs in medicine, energy and agriculture.",-1,
42,1/100th of the cost: CPU startup Tachyum claims that one of its processing units can rival dozens of Nvidia H200 GPUs — with a 99% saving that could turn the AI market on its head if true,0,"scientists, cells, space, tech, sensor, nasa, tiny, cancer, new, use"
43,Disney offers an elegant solution to VR’s movement problem | TechCrunch,2,"fuel, hydrogen, water, power, powered, clean, solar, generate, researchers, energy"
44,"NASA’s Ingenuity Mars Helicopter Has Taken Its Final Flight. Originally designed for up to five flights on Mars, Ingenuity performed 72 over three years, until one of its rotor blades was damaged during landing on January 18.",-1,
45,"First AI-powered handheld medical device to assist physicians in detecting all three common skin cancers: basal cell carcinoma, squamous cell carcinoma, and melanoma.",-1,
46,World's 1st rhino pregnancy via embryo transfer offers hope to save species | Wildlife conservationists hail this groundbreaking achievement and see it as a potential step toward the protection of the critically endangered northern white rhino.,16,"heat, cooling, material, energy, developing, exposure, extreme, temperatures, 50, effective"
47,Airborne infection risk plummets in face of metal nanoparticle spray | Silver oxide and copper oxide sprays provide a greater than 99% antiviral activity during a 24-hour period examined in the study.,7,"nuclear, fusion, built, student built, japan, medicine, plasma, reality, student, uk"
48,"Scientists Advance Affordable, Sustainable Solution for Flat-Panel Displays and Wearable Tech",9,"bacteria, healing, self, seawater, elements, self healing, cornell, plastic, scientists, computers"
49,Urease-powered nanobots for radionuclide bladder cancer therapy,-1,
50,Gene Therapy Allows an 11-Year-Old Boy to Hear for the First Time,-1,
51,Lightweight woven antenna could replace field-deployed dishes | A multi-stable deployable quadrifilar helix antenna with radiation reconfigurability for disaster-prone areas,-1,
52,Vibrating belt that treats low bone density gets FDA approval | The device is the first of its kind to provide a medication-free treatment option for post-menopausal women that have weakened bones.,-1,
53,"Liquid RAM Flexes for Wearables, Robots, Implants. A non-volatile version could be on its way, too.",9,"bacteria, healing, self, seawater, elements, self healing, cornell, plastic, scientists, computers"
54,"BT Group Converts Telecom Infrastructure to EV Chargers | The telecom giant says 60,000 curbside cabinets could be adapted",3,"robot, robots, shape, fires, fight, carry, flying, soft, sized, robotic"
55,Researchers transform polluted water into fuel with urea removal | WPI researchers are turning the tide on water pollution. Their material efficiently removes urea and holds the key to turning it into clean hydrogen fuel.,1,"brain, ai, people, head, new, implant, help, device, tech, ultrasound"
56,Diodes at Right Angles Double Autofocus Capacity. Canon twists photosensor rules to build new tech from familiar parts.,10,"wearable, clothing, fabrics, smartphone, liquid, smart, tech, micro, affordable, adaptive"
57,Urea-powered nanorobots reduce bladder tumors by 90% in mice,-1,
58,Flying Kites Deliver Container-Size Power Generation. Automated wind-energy system brings portable renewables off-grid.,1,"brain, ai, people, head, new, implant, help, device, tech, ultrasound"
59,Researchers develop world's first functioning graphene semiconductor | Breakthrough could eventually lead to terahertz processors,4,"battery, ion, design, homes, grid, range, 000, school, mile, does"
60,Experts craft life-saving 'robot medics' for triage in high-risk places,2,"fuel, hydrogen, water, power, powered, clean, solar, generate, researchers, energy"
61,The next generation of nuclear reactors is getting more advanced. Here’s how.,6,"quantum, computer, physicists, photonic, kind, end, useful, chip, computing, 000"
62,Researchers develop artificial 'power plants' in the form of tiny leaf-shapes to harness energy from the wind and rain.,1,"brain, ai, people, head, new, implant, help, device, tech, ultrasound"
63,"Crop Health Sensor Runs on Solar, Microbe Power | Electrical measurements on plant stem enable better water resource monitoring",-1,
64,EU breakthrough laser beams could power nanosatellites in space wirelessly | The research project demonstrated a power output of 20 watts using a fiber-optic laser and aims to increase this to kilowatts in the future.,-1,
65,"""Dirt-powered fuel cell"" draws near-limitless energy from soil | Paperback-sized device that nestles in soil, harvests power created as microbes break down dirt.",1,"brain, ai, people, head, new, implant, help, device, tech, ultrasound"
66,"Researchers use wireless sensor 5 times thinner than hair to map brain | UC San Diego researchers unveil a revolutionary brain monitoring system, enabling high-resolution, wireless recording in deep brain structures for diverse clinical applications.",0,"scientists, cells, space, tech, sensor, nasa, tiny, cancer, new, use"
67,Mesh Wearables Meld Micro Sensors and LoRa Smarts. Say goodbye to box-and-strap wearable tech of old.,9,"bacteria, healing, self, seawater, elements, self healing, cornell, plastic, scientists, computers"
68,Daimler Truck Fuels Big Rigs With Hydrogen GenH2’s fuel-cell-powered semi will hit German roads by middle of this year,1,"brain, ai, people, head, new, implant, help, device, tech, ultrasound"
69,MIT’s New Desalination System Produces Freshwater That Is “Cheaper Than Tap Water”,1,"brain, ai, people, head, new, implant, help, device, tech, ultrasound"
70,Biotagging method for animal identification using dissolvable microneedle arrays prepared by customisable moulds,-1,
71,The innovation that gets an Alzheimer’s drug through the blood-brain barrier. Focused ultrasound is just one strategy researchers are using to get drugs into the brain.,0,"scientists, cells, space, tech, sensor, nasa, tiny, cancer, new, use"
72,Autophage rocket engine consumes plastic fuselage for fuel,1,"brain, ai, people, head, new, implant, help, device, tech, ultrasound"
73,"""Millennium Camera"" to take a 1,000-year long-exposure photo",10,"wearable, clothing, fabrics, smartphone, liquid, smart, tech, micro, affordable, adaptive"
74,"Researchers trap CO2 from air into nanofibers to prevent its release | The two-step process also produces hydrogen gas as a by-product, which could also be used as a zero-emission fuel.",1,"brain, ai, people, head, new, implant, help, device, tech, ultrasound"
75,Innovative design achieves tenfold better resolution for functional MRI brain imaging,0,"scientists, cells, space, tech, sensor, nasa, tiny, cancer, new, use"
76,How Microsoft found a potential new battery material using AI,3,"robot, robots, shape, fires, fight, carry, flying, soft, sized, robotic"
77,"E-Nose Sniffs Out Coffee Varieties Nearly Perfectly | Like Shazam but for java, the tech can help quantify coffee signatures",0,"scientists, cells, space, tech, sensor, nasa, tiny, cancer, new, use"
78,10x Stronger Than Kevlar: Amorphous Silicon Carbide Could Revolutionize Material Science,4,"battery, ion, design, homes, grid, range, 000, school, mile, does"
79,Qualcomm's first-of-its-kind SoC can handle infotainment and ADAS on one chip,5,"silicon, fastest, ibm, new, graphene, eventually, material, lead, electronics, develop"
80,"Solid-state battery design offers 6,000 cycles and 10-minute charge | The design solves dendrite-related issues by creating a multilayer battery with diverse materials and managing dendrites by containment.",3,"robot, robots, shape, fires, fight, carry, flying, soft, sized, robotic"
81,Air-steered X-65 jet from DARPA enters manufacturing phase,14,"drugs, body, lower, filled, patch, blood, push, deliver, inspired, ultrasound"
82,A light sail that could one day propel small spacecraft through interstellar realms is headed to the International Space Station and will be tested by astronauts on behalf of Cornell’s Space Systems Design Studio.,18,"ray, 10, laser, bright, ultrafast, waves, photons, crystals, atomic, sound waves"
83,These AI-powered apps can hear the cause of a cough,0,"scientists, cells, space, tech, sensor, nasa, tiny, cancer, new, use"
84,Silk-Based Transistors For Hybrid Applications. Silk incorporated as insulators could grant new sensing abilities to transistors.,4,"battery, ion, design, homes, grid, range, 000, school, mile, does"
85,"Wearable Robotic Exosuit Improves Walking for Individuals With Parkinson’s Disease | Robotic exosuit eliminated gait freezing, a common and highly debilitating symptom.",-1,
86,Eye-tracking window tech tells sightseers about what they're looking at,0,"scientists, cells, space, tech, sensor, nasa, tiny, cancer, new, use"
87,‘Smart tweezer’ can pluck out single bacterium target from microbiome,-1,
88,"In a breakthrough, diabetics’ damaged cells regenerated to produce insulin | The discovery could mean that, one day, diabetics won't need to take multiple daily insulin injections.",12,"3d, printing, 3d printing, printed, 3d printed, tissue, brain, skin, blades, researchers"
89,World's first partial heart transplant grows valves and arteries | This method can 'potentially double the number of hearts that are used for the benefit of children with heart disease.',16,"heat, cooling, material, energy, developing, exposure, extreme, temperatures, 50, effective"
90,Non-toxic materials open door for better cameras on consumer electronics | Researchers from ICFO and Qurv have developed a new type of quantum dots that are non-toxic and phosphine-free and can achieve high performance in the SWIR range.,10,"wearable, clothing, fabrics, smartphone, liquid, smart, tech, micro, affordable, adaptive"
91,Scientists invent heat-controlling circuitry that keeps electronics cool,15,"jet, class, 72, targets, ice, china, fastest, field, air, developed"
92,"Researchers have successfully engineered the world's first functional semiconductor using graphene | In the 21st century, the pursuit is to develop electronic devices that are both smaller and faster, whether for applications in the medical sector or robotics.",4,"battery, ion, design, homes, grid, range, 000, school, mile, does"
93,"SR-72: US secret hypersonic jet to allegedly break sound barrier in 2025 | Believed to be a top-secret project of the US Air Force, the SR-72 is touted to reach over 4,000 mph (6,437 kph), making it the fastest plane ever developed.",14,"drugs, body, lower, filled, patch, blood, push, deliver, inspired, ultrasound"
94,Nanotech Energy announces 18650 lithium-ion battery that resists burning down homes and cars,3,"robot, robots, shape, fires, fight, carry, flying, soft, sized, robotic"
95,"In a new study, Cornell scientists show that genetically engineering bacteria could improve the efficiency for the purification of elements found in smartphones, computers, electric cars and wind turbines, and could even boost global economic supply chains.",8,"vaccines, gene, viruses, including, microscope, dna, treatment, range, cell, cancer"
96,"A high-tech mouthguard that might help prevent concussions. Designed for athletes and soldiers, this new device provides real-time measurements of head impacts, reducing the risk of traumatic brain injury.",0,"scientists, cells, space, tech, sensor, nasa, tiny, cancer, new, use"
97,Scientists develop 'flying dragon' robot to fight fires from a distance,2,"fuel, hydrogen, water, power, powered, clean, solar, generate, researchers, energy"
98,Physicists upgrade world's biggest atom smasher to probe dark photons | The Compact Muon Solenoid (CMS) ongoing Run 3 experiment has presented its initial findings about the elusive dark photons.,17,"heart, human, transplant, soon, artificial, potential, world, species, number, embryo"
99,The first EV with a lithium-free sodium battery hits the road in January,3,"robot, robots, shape, fires, fight, carry, flying, soft, sized, robotic"
100,"High-tech mouthguard with sensors redefines safety in sports, military | A cutting-edge mouthguard designed for athletes and soldiers is preventing concussions by 'sensing' real-time head impacts.",0,"scientists, cells, space, tech, sensor, nasa, tiny, cancer, new, use"
101,"CERN's LHC to explore new frontiers with US-made superconducting magnets | The upgrade, known as the high-luminosity LHC (HL-LHC), will require new types of magnets to focus the beams of protons more tightly at the collision points of the ATLAS and CMS experiments.",-1,
102,This E-tongue mimicks human taste and recommends wine with different foods | Scientists pave the way for new culinary frontiers.,0,"scientists, cells, space, tech, sensor, nasa, tiny, cancer, new, use"
103,Moderna’s mRNA cancer vaccine works even better than thought,7,"nuclear, fusion, built, student built, japan, medicine, plasma, reality, student, uk"
104,Molecular jackhammers’ ‘good vibrations’ eradicate cancer cells. Light-induced whole-molecule vibration can rupture melanoma cells’ membrane.,-1,
105,"New Photonic Chip Is the Full Package. For the first time, researchers place a photonic filter and modulator on a standard chip.",5,"silicon, fastest, ibm, new, graphene, eventually, material, lead, electronics, develop"
106,Magnetic Knots Push Future Computing Toward 3D. Twisted structures called hopfions are easy to move but hard to destroy,-1,
107,"Wireless TVs use built-in cameras, NFC readers to sell you stuff you see on TV. TV makers are getting more aggressive about using their hardware for ads.",10,"wearable, clothing, fabrics, smartphone, liquid, smart, tech, micro, affordable, adaptive"
108,This vibrating pill could trick your stomach into feeling full | The pill stimulates the nerve endings in the stomach and alters the hormones related to hunger and satiety.,-1,
109,IBM demonstrates a nanosheet transistor that can withstand boiling nitrogen | IBM's concept nanosheet transistor could eventually lead to the development of a new class of chip,4,"battery, ion, design, homes, grid, range, 000, school, mile, does"
110,"Scientists create water-spitting 'flying dragon' robot to fight fires | The robot features eight adjustable water jets in its central and head regions, with a flexible firehose directed by a control unit on a trailing wheeled cart.",2,"fuel, hydrogen, water, power, powered, clean, solar, generate, researchers, energy"
111,Head zaps help surgeons transfer skills from VR to IRL,0,"scientists, cells, space, tech, sensor, nasa, tiny, cancer, new, use"
112,IBM Demos Transistor with Liquid Nitrogen Cooling,4,"battery, ion, design, homes, grid, range, 000, school, mile, does"
113,New nuclear deflection simulations advance planetary defense against asteroid threats,6,"quantum, computer, physicists, photonic, kind, end, useful, chip, computing, 000"
114,"Clot-busting ""millirobots"" corkscrew their way through blood vessels",13,"cell, diabetes, injections, type diabetes, home, daily, cells, device, type, implant"
115,"The Surprising Possibilities of See-Through Wood | Stronger than plastic and tougher than glass, the resin-filled material is being exploited for smartphone screens, insulated windows and more",-1,
116,Tech Gives Sound Directionality to Hearing Aids. System identifies faces and links them to speech.,0,"scientists, cells, space, tech, sensor, nasa, tiny, cancer, new, use"
117,"Quantum-inspired tech teleports data with light, like 'Star Trek' | “Now, it is possible to teleport information so that it never physically travels across the connection - a “Star Trek” technology made real,"" said researcher.",5,"silicon, fastest, ibm, new, graphene, eventually, material, lead, electronics, develop"
118,Smart lasers for bone surgery. A feedback mechanism distinguishes between hard and soft tissue when cutting through bones.,-1,
119,"World’s largest electric cable close to power, could light 1.4 million homes | A high voltage direct current cable will connect UK homes with fresh green energy from the wind farms of Denmark.",3,"robot, robots, shape, fires, fight, carry, flying, soft, sized, robotic"
120,AI-screened eye pics diagnose childhood autism with 100% accuracy,0,"scientists, cells, space, tech, sensor, nasa, tiny, cancer, new, use"
121,Researchers invent 'methane cleaner' that could become a permanent fixture in cattle and pig barns,1,"brain, ai, people, head, new, implant, help, device, tech, ultrasound"
122,NASA’s Space Station Laser Comm Terminal Achieves First Link - NASA,18,"ray, 10, laser, bright, ultrafast, waves, photons, crystals, atomic, sound waves"
123,What Are Time Reflections And Why Are They So Promising In Tech?,-1,
124,"Intel, Samsung, and TSMC Demo 3D-Stacked Transistors. The Big Three can now all make CFETs—next stop on the Moore’s Law roadmap.",4,"battery, ion, design, homes, grid, range, 000, school, mile, does"
125,"Tiny ‘Robots’ Made From Human Cells Show Wound-Healing Potential The so-called “anthrobots” can self-assemble and move on their own, and they prompted damaged neurons to regenerate in a recent study",-1,
126,"Portable, non-invasive, mind-reading AI turns thoughts into text",0,"scientists, cells, space, tech, sensor, nasa, tiny, cancer, new, use"
127,Wax-actuated adaptive tiles radically cut heating and cooling energy,15,"jet, class, 72, targets, ice, china, fastest, field, air, developed"
128,Ultrafast laser technology could help advance radiotherapy and treat tumors that are resistant to conventional radiotherapy.,18,"ray, 10, laser, bright, ultrafast, waves, photons, crystals, atomic, sound waves"
129,"US researchers become first to 3D-print steam turbine blades | ORNL researchers, in collaboration with Siemens tech, have achieved a milestone by 3D-printing large steam turbine blades.",11,"non, non toxic, developed, developed new, electronics, toxic, sensors, quantum, new, getting"
130,AI-Powered Microdisplay Adapts to Users’ Eyesight,0,"scientists, cells, space, tech, sensor, nasa, tiny, cancer, new, use"
131,Human brain-like supercomputer with 228 trillion links coming in 2024 | Australians develop a supercomputer capable of simulating networks at the scale of the human brain.,0,"scientists, cells, space, tech, sensor, nasa, tiny, cancer, new, use"
132,‘Biocomputer’ combines lab-grown brain tissue with electronic hardware,0,"scientists, cells, space, tech, sensor, nasa, tiny, cancer, new, use"
133,"Hyundai unveils car tires with built-in, push-button snow chains",-1,
134,"Ultrasound Techniques Steers Tiny Drug Delivery Vehicles Through the Brain | For the first time, researchers have shown how microvesicles can be steered through the brain using ultrasound.",-1,
135,MIT engineers design a robotic replica of the heart’s right chamber,2,"fuel, hydrogen, water, power, powered, clean, solar, generate, researchers, energy"
136,GM’s hydrogen ‘power cubes’ will be used in cement mixers and terminal tractors | The automaker is one of several betting that hydrogen fuel cells can power the next generation of heavy duty vehicles.,1,"brain, ai, people, head, new, implant, help, device, tech, ultrasound"
137,"Brain Implants Show Promise for People With Traumatic Brain Injuries in Small Study. Electrodes placed in the brains of five patients led to “profound” improvements in cognitive function, even years after their injuries.",0,"scientists, cells, space, tech, sensor, nasa, tiny, cancer, new, use"
138,This bold psychedelic and VR fusion therapy could spark a mental health revolution. Psychologists are exploring ways of treating mental health disorders by combining psychedelics and virtual reality.,0,"scientists, cells, space, tech, sensor, nasa, tiny, cancer, new, use"
139,The lucky break behind the first CRISPR treatment. Gene editing for sickle-cell is here. This is how researchers knew what DNA to change.,7,"nuclear, fusion, built, student built, japan, medicine, plasma, reality, student, uk"
140,Rolls Royce plans '120-inch-long' mini nuclear reactor for Moon outpost | The auto giant displayed a conceptual model design of a nuclear Space Micro-Reactor at the UK Space Conference.,6,"quantum, computer, physicists, photonic, kind, end, useful, chip, computing, 000"
141,"Researchers use wood to create low-cost, long-lasting solar cells | Kraft lignin found in wood pulp improves the stability in organic solar cells due its ability to form hydrogen bonds that acts as a sort of glue.",-1,
142,Under-skin implant reverses type 1 diabetes without anti-rejection drugs,12,"3d, printing, 3d printing, printed, 3d printed, tissue, brain, skin, blades, researchers"
143,"A quantum computer built by QuEra contains the largest ever number of ""logical quantum bits"", which can be used for error-free calculations",5,"silicon, fastest, ibm, new, graphene, eventually, material, lead, electronics, develop"
144,"Listening In On Eye Movement. Researchers find auditory signals that encode how eyes move, with potential use in hearing aid tech.",0,"scientists, cells, space, tech, sensor, nasa, tiny, cancer, new, use"
145,Doughnut plasma and 100 million°C cores: How scientists could soon make nuclear fusion a reality,6,"quantum, computer, physicists, photonic, kind, end, useful, chip, computing, 000"
146,Ultrasound can push vaccines into the body without needles | Vaccinations could be made less painful by treating skin with a vaccine-laden liquid and using ultrasound to push it into the body,13,"cell, diabetes, injections, type diabetes, home, daily, cells, device, type, implant"
147,"Lockheed Martin's tech may allow quick calibration of space payload | It is all set to showcase the capabilities of its technology — an Electronically Steerable Antenna (ESA) payload nicknamed ""Tantrum"" — through a demonstration mission.",-1,
148,Large earthquakes could be identified months or even years in advance by detecting unique seismic signals. That's according to new research from a team of German researchers.,-1,
149,Texas plant to generate 10 MW of power with desk-sized turbines,1,"brain, ai, people, head, new, implant, help, device, tech, ultrasound"
150,"IBM releases 1,000+ qubit processor, roadmap to error correction | Company now expects useful error-corrected qubits by the end of the decade.",5,"silicon, fastest, ibm, new, graphene, eventually, material, lead, electronics, develop"
151,GUIDi belt uses computer vision and haptics to guide the blind,0,"scientists, cells, space, tech, sensor, nasa, tiny, cancer, new, use"
152,"SmartHat may be the Swiss Army knife of safety helmets | The SmartHat is designed to make things easier, by packing a head-load of gadgets into a single safety helmet.",0,"scientists, cells, space, tech, sensor, nasa, tiny, cancer, new, use"
153,Automatic bike transmission concept is wild and spiky—and could be a big shift,-1,
154,"China's latest non-nuclear submarine, the Type-039C Yuan Class, features a distinctive angled sail. We can now be confident that this is part of a sonar stealth technology. Other countries are also pursuing this general technique, but China is the first to field it.",14,"drugs, body, lower, filled, patch, blood, push, deliver, inspired, ultrasound"
155,"Japan Debuts Six-Story Experimental Fusion Reactor. The reactor, a forerunner for the vast ITER experiment in France, has the potential to hasten the race for cleaner energy.",6,"quantum, computer, physicists, photonic, kind, end, useful, chip, computing, 000"
156,"AI-system boosts microgrid efficiency for rapid power outage recovery | During power outages, microgrids leverage local renewable sources like rooftop solar panels and small wind turbines for efficient power restoration.",1,"brain, ai, people, head, new, implant, help, device, tech, ultrasound"
157,Electrocaloric Material Makes Solid-State Fridge Scalable. Refrigerant-free refrigerators would be portable and efficient.,-1,
158,Michigan installs the US's first wireless EV charging public roadway,3,"robot, robots, shape, fires, fight, carry, flying, soft, sized, robotic"
159,Tiny living robots made from human cells surprise scientists,-1,
160,At-home saliva testing could replace daily finger-jabs for diabetics,12,"3d, printing, 3d printing, printed, 3d printed, tissue, brain, skin, blades, researchers"
161,New type of geothermal power plant powers data centers in the desert. Pilot plant in Nevada uses tech from fracking to generate power in arid landscape.,1,"brain, ai, people, head, new, implant, help, device, tech, ultrasound"
162,"Scientists make a laser accelerator with 10 billion electron-volt beam | The accelerator, an advanced wakefield laser accelerator, is under 20 feet long, generating a 10 billion electron-volt (10 GeV) electron beam.",17,"heart, human, transplant, soon, artificial, potential, world, species, number, embryo"
163,New Neurotech Eschews Electricity for Ultrasound. Companies team up to use ultrasound-on-chip tech to develop a brain computer interface.,0,"scientists, cells, space, tech, sensor, nasa, tiny, cancer, new, use"
164,Cheaper microscope could bring protein mapping technique to the masses,-1,
165,"'Nuclear medicine': UK startup's fusion reactor could treat cancer | “Nuclear medicine has been helping to save lives for decades by enabling the medical profession to scan for cancer and directly treat tumors and cancerous cells at source,” say the founders of the startup.",6,"quantum, computer, physicists, photonic, kind, end, useful, chip, computing, 000"
166,Researchers figure out how to bypass the fingerprint readers in most Windows PCs.,11,"non, non toxic, developed, developed new, electronics, toxic, sensors, quantum, new, getting"
167,Elon Musk’s Brain Implant Startup Is Ready to Start Surgery,0,"scientists, cells, space, tech, sensor, nasa, tiny, cancer, new, use"
168,A new study used a device that reshapes images into sound signals to let blind people “see” facial features | The results have shed new light on the brain areas used to identify and process faces.,0,"scientists, cells, space, tech, sensor, nasa, tiny, cancer, new, use"
169,"Arizona's solar-over-canal project will tackle its major drought issue | As well as tackling much of the state's moderate to extreme water evaporation conditions, the initiative will also generate clean energy.",1,"brain, ai, people, head, new, implant, help, device, tech, ultrasound"
170,"Chemists Unveil the Slickest Surface Ever to Ward Off Water The discovery holds potential for various applications, including self-cleaning surfaces and de-icing glass, in in which droplet-repellent surfaces are useful.",-1,
171,Absorbable scaffold beats angioplasty for lower-leg artery disease,13,"cell, diabetes, injections, type diabetes, home, daily, cells, device, type, implant"
172,Silk Meets Silicon: The Dawn of Biological Hybrid Transistors,4,"battery, ion, design, homes, grid, range, 000, school, mile, does"
173,Robotic excavator builds a giant stone wall with no human assistance,2,"fuel, hydrogen, water, power, powered, clean, solar, generate, researchers, energy"
174,PhD student bioengineers potato plant to detect gamma radiation,-1,
175,UK’s unique heat-capturing glass tubes are keeping US fishermen warm | Heating and cooling needs account for 50 percent of energy demand and using the Sun's heat directly is an effective to curb fossil fuel requirements.,15,"jet, class, 72, targets, ice, china, fastest, field, air, developed"
176,Scientists find way to wipe a cell's memory to better reprogram it as a stem cell,12,"3d, printing, 3d printing, printed, 3d printed, tissue, brain, skin, blades, researchers"
177,Spinal Stimulator's Gentle Zaps Help Treat Parkinson's,0,"scientists, cells, space, tech, sensor, nasa, tiny, cancer, new, use"
178,Airdropped spinning-seed-inspired sensors could monitor soil moisture,-1,
179,"Next-gen air conditioning: new electrocaloric material could replace harmful refrigerants | A new, performing solution to the issue of environmentally unfriendly air conditioning systems",-1,
180,FDA considers first CRISPR gene editing treatment that may cure sickle cell,7,"nuclear, fusion, built, student built, japan, medicine, plasma, reality, student, uk"
181,Jet powered by PW800 engines wraps transatlantic trip using 100% SAF | The aircraft engines ran on a sustainable aviation fuel comprising hydro-processed Esters and Fatty Acids.,1,"brain, ai, people, head, new, implant, help, device, tech, ultrasound"
182,New device allows the brain to function independently from the body | The innovative system is known as extracorporeal pulsatile circulatory control (EPCC).,0,"scientists, cells, space, tech, sensor, nasa, tiny, cancer, new, use"
183,MIT tests new ingestible sensor that records your breathing through your intestines,0,"scientists, cells, space, tech, sensor, nasa, tiny, cancer, new, use"
184,"How tiny hinges bend the infection-spreading spikes of a coronavirus. Disabling those hinges could be a good strategy for designing vaccines and treatments against a broad range of coronavirus infections, including COVID-19.",7,"nuclear, fusion, built, student built, japan, medicine, plasma, reality, student, uk"
185,Running thousands of LLMs on one GPU is now possible with S-LoRA,0,"scientists, cells, space, tech, sensor, nasa, tiny, cancer, new, use"
186,"Scientists 3D print a robotic hand with human-like bones and tendons. As a layer is printed, an optical scan IDs flaws and corrects them in the next layer.",11,"non, non toxic, developed, developed new, electronics, toxic, sensors, quantum, new, getting"
187,Swallowable device tracking vital signs inside the body in human trial | The device is part of a growing field of ingestible devices that can perform various functions inside the body.,0,"scientists, cells, space, tech, sensor, nasa, tiny, cancer, new, use"
188,Researchers use magnetic fields for non-invasive blood glucose monitoring,12,"3d, printing, 3d printing, printed, 3d printed, tissue, brain, skin, blades, researchers"
189,US surgeons perform world's first whole eye transplant,-1,
190,Why the Pentagon is spending billions to bring laser weapons to the battlefield,-1,
191,Speaker Chip Uses Ultrasound to Crack Volume Limits. This MEMS tech sounds ready to break out of the earbud niche.,0,"scientists, cells, space, tech, sensor, nasa, tiny, cancer, new, use"
192,AWS ElastiCache — Redis/Java/Spring Boot,-1,
193,5 Tips to Optimize Your AWS Lambda Performance,-1,
194,"Trial Shows a Single Dose of an Experimental Therapy Reduces Lipoprotein(a), an Important Heart Disease Risk Factor, More than 94% for Nearly a Year",-1,
195,"A floating, solar-powered device that can turn contaminated water or seawater into clean hydrogen fuel and purified water, anywhere in the world, has been developed by researchers.",1,"brain, ai, people, head, new, implant, help, device, tech, ultrasound"
196,Scientists show how to turn lunar soil fertile for agriculture,-1,
197,Safer P-CARE intravenous needle softens once inserted into body,13,"cell, diabetes, injections, type diabetes, home, daily, cells, device, type, implant"
198,"U.S. hits carbon tech milestone with first direct-air capture facility. A new facility will suck carbon dioxide from the air, showcasing the potential of a nascent industry that some say is crucial to fighting climate change.",-1,
199,Perovskite Solar Cells Double as Windows and Walls. Panasonic's semi-transparent panels could be on the market within 5 years.,-1,
200,Organic electronics mimic retinal neurons. The technology could one day be used to treat neurological disease or blindness.,-1,
201,New 'Cool' Ceramic Could Enhance Energy Efficiency in Construction Sector | A significant breakthrough in developing a passive radiative cooling (PRC) material has been announced.,15,"jet, class, 72, targets, ice, china, fastest, field, air, developed"
202,"Scientists have discovered what they say is the fastest and most efficient semiconductor yet. Although the new material is made using one of the rarest elements on Earth, the researchers suggest counterparts made from more abundant materials may be discovered that operate comparably fast.",4,"battery, ion, design, homes, grid, range, 000, school, mile, does"
203,Noise-canceling headphones could let you pick and choose the sounds you want to hear,0,"scientists, cells, space, tech, sensor, nasa, tiny, cancer, new, use"
204,Physicists trap electrons in a 3D crystal for the first time | The results open the door to exploring superconductivity and other exotic electronic states in three-dimensional materials.,5,"silicon, fastest, ibm, new, graphene, eventually, material, lead, electronics, develop"
205,"Wave-powered desalination machine filters 49,000 liters of water daily | The system is modular and multiple units can be put together to generate large quantities of desalinated water.",1,"brain, ai, people, head, new, implant, help, device, tech, ultrasound"
206,"Spinal implant allows Parkinson’s patient to walk for miles | Before that, he was unable to walk without frequent falls.",0,"scientists, cells, space, tech, sensor, nasa, tiny, cancer, new, use"
207,"New flexible X-Ray detectors could revolutionize cancer treatment | The new material mimics human tissue under X-rays, allowing for more accurate and safer imaging of tumors, bones, and organs.",-1,
208,2cm long? Shape-shifting spider robot touted to be rescue game changer | Shape-changing robots may be the future of the robotics industry.,2,"fuel, hydrogen, water, power, powered, clean, solar, generate, researchers, energy"
209,"New Plastic Biodegrades in Seawater, Self-Heals Under Heat | This stronger, stretchier, self-healing plastic can be processed into complex shapes and biodegrades in seawater.",8,"vaccines, gene, viruses, including, microscope, dna, treatment, range, cell, cancer"
210,"How Mark Rober's DNA Nerf Guns Could Lead to Medical Breakthroughs. Mark Rober explains his yearlong odyssey to break the record for world's smallest Nerf gun five times, culminating in ones made out of DNA.",-1,
211,Smartglasses Make Human Echolocation Possible,0,"scientists, cells, space, tech, sensor, nasa, tiny, cancer, new, use"
212,Revolutionary earbuds developed in Vancouver to dramatically change life for disabled.,0,"scientists, cells, space, tech, sensor, nasa, tiny, cancer, new, use"
213,"Elon Musk debuts 'Grok' AI bot to rival ChatGPT, others",0,"scientists, cells, space, tech, sensor, nasa, tiny, cancer, new, use"
214,Magnetic Gel Can Help Wounds Heal Faster. The technique gives cells a gentle workout to promote cell growth and speed healing.,-1,
215,"Japan: World’s largest nuclear fusion reactor achieves first plasma | JT-60SA will also help ITER, the giant international fusion reactor that is being built in France, to demonstrate that fusion can produce more energy than it consumes.",6,"quantum, computer, physicists, photonic, kind, end, useful, chip, computing, 000"
216,This Pulsing DNA Nanomotor Can Power Molecular Machines. Scientists envision a tiny assembly line to build complex chemicals.,-1,
217,"Lab-on-a-Chip Accurately Identifies Viruses Within Three Minutes | Compact genetic testing device created for Covid-19 could be used to detect a range of pathogens, including cancer.",7,"nuclear, fusion, built, student built, japan, medicine, plasma, reality, student, uk"
218,Smart riot gun refuses to fire if aimed at someone's head,-1,
219,Medical University of South Carolina researchers partner with Emergency Medical Services to pilot test the first MRI-equipped ambulance to speed stroke response.,0,"scientists, cells, space, tech, sensor, nasa, tiny, cancer, new, use"
220,"""Superatomic"" material beats silicon for fastest semiconductor ever",4,"battery, ion, design, homes, grid, range, 000, school, mile, does"
221,NYU is developing 3D streaming video tech with the help of its dance department,-1,
222,"This new waterproof, gel-free ECG sensor monitors heart health | This tiny ECG sensor promises to provide increased comfort while minimizing skin irritation.",-1,
223,A giant battery gives this new school bus a 300-mile range | The Type-D school bus uses a 387 kWh lithium iron phosphate battery.,3,"robot, robots, shape, fires, fight, carry, flying, soft, sized, robotic"
224,Engineers create a robotic eye-seeing dog to aid the visually impaired | The robot guide dog possesses the ability to respond to tugs on a leash.,-1,
225,"Safely removing nanoplastics from water using 'Prussian blue', a pigment used to dye jeans",8,"vaccines, gene, viruses, including, microscope, dna, treatment, range, cell, cancer"
226,Some deaf children in China can hear after gene treatment,0,"scientists, cells, space, tech, sensor, nasa, tiny, cancer, new, use"
227,"New laser enabled 3D-printing method makes steel more affordable | The process enables ""structural modifications to be ‘programmed’ into metal alloys during 3D printing.""",11,"non, non toxic, developed, developed new, electronics, toxic, sensors, quantum, new, getting"
228,Novel brain implant helps paralyzed woman speak using a digital avatar,0,"scientists, cells, space, tech, sensor, nasa, tiny, cancer, new, use"
229,New tiny radar could detect movements 1/100th the width of human hair,0,"scientists, cells, space, tech, sensor, nasa, tiny, cancer, new, use"
230,Ballistic multi-parachute system saves eVTOL in low-altitude fall,2,"fuel, hydrogen, water, power, powered, clean, solar, generate, researchers, energy"
231,"Shape-shifting fiber can produce morphing fabrics. The low-cost FibeRobo, which is compatible with existing textile manufacturing techniques, could be used in adaptive performance wear or compression garments.",9,"bacteria, healing, self, seawater, elements, self healing, cornell, plastic, scientists, computers"
232,"A seemingly subtle swap of metals—substituting a zinc ion with a cobalt ion—and a mutation ramps up the overall electric field strength at the active site of an enzyme, scientists find. The result is a predictably modified enzyme that works an astonishing 50 times faster than its unmodified analog.",-1,
233,"The bright plumage of birds is often a feast for the eyes, but scientists have struggled to recreate the photonic nanostructures that generate those colors in the lab. Scientists have developed a method to efficiently engineer these intricate nanostructures through a form of phase separation.",-1,
234,"Researchers Develop Fastest Room-Temperature Semiconductor, Revolutionizing Electronics",4,"battery, ion, design, homes, grid, range, 000, school, mile, does"
235,"Underwater robot helps scientists gain clarity of Antarctic ice melting | ""Crevasses move water along the coastline of an ice shelf to an extent previously unknown, and in a way models did not predict.""",-1,
236,Water-injected 2.0-liter turbo-four hydrogen engine spits out 410 hp,1,"brain, ai, people, head, new, implant, help, device, tech, ultrasound"
237,"UBC, Honda researchers develop robot arm with human skin-like sensors | ""As sensors continue to evolve to be more skin-like, there is a need for robots to be smarter. Developments in sensors and artificial intelligence will need to go hand in hand""",-1,
238,Three people were gene-edited in an effort to cure their HIV. The result is unknown. CRISPR is being used in an experimental effort to eliminate the virus that causes AIDS.,7,"nuclear, fusion, built, student built, japan, medicine, plasma, reality, student, uk"
239,Everdrone E2 launched to deliver life-saving medical equipment in minutes,-1,
240,New Training Method Helps AI Generalize like People Do,0,"scientists, cells, space, tech, sensor, nasa, tiny, cancer, new, use"
241,This Motorola smartphone can be bent to wrap around your wrist! What is it all about,9,"bacteria, healing, self, seawater, elements, self healing, cornell, plastic, scientists, computers"
242,Particle Accelerator on a Chip Hits Penny-Size,17,"heart, human, transplant, soon, artificial, potential, world, species, number, embryo"
243,Ukraine to deploy self-developed kamikaze robots against Russia | The robot has an operational range of little under four miles but can carry anti-tank mines and bombs and blow up strategic targets effectively.,2,"fuel, hydrogen, water, power, powered, clean, solar, generate, researchers, energy"
244,The space-based drug factory that can’t come home. Orbiting lab pioneers space-made medicines—and the red tape needed to land.,-1,
245,This Augmented Reality Tool Could Change Communication for Some Deaf and Hearing Impaired People | TranscribeGlass attaches to any pair of glasses and projects real-time subtitles in the user’s field of vision,0,"scientists, cells, space, tech, sensor, nasa, tiny, cancer, new, use"
246,"New Nvidia AI agent, powered by GPT-4, can train robots",0,"scientists, cells, space, tech, sensor, nasa, tiny, cancer, new, use"
247,Scientists plan to melt moondust to make roads on the Moon,-1,
248,Has Your Fish Been Caught Sustainably? A New Scanner Can Tell You | A handheld scanner uses nuclear methods and mathematical models to determine the origin and production of seafood.,-1,
249,"Chemists, engineers craft adjustable arrays of microscopic lenses | Design could find use in soft robotics, liquid optics",-1,
250,Europe’s Tech Curbs Are a Double-Edged Sword - Has Europe given up on tech?,-1,
251,Researchers Develop Gel “Exercise” Mat for Muscle Cells | The vibrating platform could be useful for growing artificial muscles to power soft robots.,2,"fuel, hydrogen, water, power, powered, clean, solar, generate, researchers, energy"
252,IBM's NorthPole chip runs AI-based image recognition 22 times faster than current chips,0,"scientists, cells, space, tech, sensor, nasa, tiny, cancer, new, use"
253,"Mr Sade is the founder of tech firm BloomX. The company has found a way to mechanically pollinate crops in a similar way to bees. ""We are not replacing bees... but rather, offering more efficient pollinating methods to farmers, and reducing the dependence on commercial honeybees,"" he says.",-1,
254,"New Patch Inspired by Octopus Suckers Could Deliver Drugs Without Needles. Medicine-filled suction cups attached to the inside of the cheek could be an effective alternative to oral tablets or injections, study finds.",13,"cell, diabetes, injections, type diabetes, home, daily, cells, device, type, implant"
255,"A new method of producing an ultra-bright light which breaks traditional laws of particle physics could potentially spark a technological revolution. The ultra-bright light, a form of ‘coherent light’, is created by particles moving in synchrony rather than independently.",17,"heart, human, transplant, soon, artificial, potential, world, species, number, embryo"
256,US Marines show off rocket launcher-carrying robot dog in demo video,2,"fuel, hydrogen, water, power, powered, clean, solar, generate, researchers, energy"
257,A machine dubbed Scorpius is under construction that will use high explosives to crush plutonium to states that exist just prior to a nuclear explosion. The aim of the project is to check the accuracy of supercomputer models designed to predict whether the U.S.’ aging nuclear arsenal works.,6,"quantum, computer, physicists, photonic, kind, end, useful, chip, computing, 000"
258,"Superficial Brain Implant Could Have a Deep Impact. With wireless power from a wearable, brain stimulation could enter the home.",0,"scientists, cells, space, tech, sensor, nasa, tiny, cancer, new, use"
259,"Scientists craft energy-efficient AI chip inspired by the brain | Dubbed NorthPole, it excels in terms of performance, energy, and area efficiency.",0,"scientists, cells, space, tech, sensor, nasa, tiny, cancer, new, use"
260,"Whisper Aero unveils ultra-quiet electric leaf blower, powered by aerospace tech | TechCrunch",1,"brain, ai, people, head, new, implant, help, device, tech, ultrasound"
261,‘Groundbreaking’ bionic arm that fuses with user’s skeleton and nerves could advance amputee care,0,"scientists, cells, space, tech, sensor, nasa, tiny, cancer, new, use"
262,10-second voice test shown to detect type 2 diabetes,-1,
263,"Stroke-Detecting Cap Could Diagnose Patients Before They Reach the Hospital | A special brain-wave cap can diagnose stroke in the ambulance, allowing the patient to receive appropriate treatment faster.",0,"scientists, cells, space, tech, sensor, nasa, tiny, cancer, new, use"
264,Wearable sensors provide early detection of progression in Parkinson’s Disease,-1,
265,"""Digital film roll"" brings analog cameras out of retirement",10,"wearable, clothing, fabrics, smartphone, liquid, smart, tech, micro, affordable, adaptive"
266,"Scientists invent superlensing microscope without a superlens | Instead of depending on a superlens, the team relied on a computer to remove low-resolution data during post-processing.",-1,
267,A spectacular superconductor claim is making news. Experts are doubtful,5,"silicon, fastest, ibm, new, graphene, eventually, material, lead, electronics, develop"
268,"Student-built solar car survives Sahara, travels 620 miles in a first | The successful achievement should inspire legacy car makers to become bolder with their vision of eco-friendly vehicles, says the team.",1,"brain, ai, people, head, new, implant, help, device, tech, ultrasound"
269,Figure's humanoid is already walking and performing autonomous tasks,2,"fuel, hydrogen, water, power, powered, clean, solar, generate, researchers, energy"
270,Bricklaying robots can now build tennis-court-sized walls in 4 hours,2,"fuel, hydrogen, water, power, powered, clean, solar, generate, researchers, energy"
271,Consortium runs world's first hydrogen-powered gas turbine,1,"brain, ai, people, head, new, implant, help, device, tech, ultrasound"
272,Scientists Have Created Synthetic Sponges That Soak Up Microplastics,8,"vaccines, gene, viruses, including, microscope, dna, treatment, range, cell, cancer"
273,Adobe's latest wearable tech promises dynamic clothing that can change at the push of a button,9,"bacteria, healing, self, seawater, elements, self healing, cornell, plastic, scientists, computers"
274,"New Synthetic Horseshoe Crab Blood Could Mean Pharma Won’t Bleed the Species Dry. The “living fossils” have been vital for testing intravenous drugs, but a few large pharmaceutical companies are using a lab-made compound instead.",13,"cell, diabetes, injections, type diabetes, home, daily, cells, device, type, implant"
275,‘Instant Evolution': AI Creates a Squishy Purple Blob That Uses Air to Walk,2,"fuel, hydrogen, water, power, powered, clean, solar, generate, researchers, energy"
276,Canon challenges ASML supremacy in chip manufacturing with a new nanoimprint lithography system | A machine with reduced power consumption to make 5nm-node semiconductors,4,"battery, ion, design, homes, grid, range, 000, school, mile, does"
277,Woman's Experimental Bionic Hand Passes Major Test With Flying Colors,-1,
278,Unraveling Quantum Secrets: Physicists Bridge Two Quantum Worlds,5,"silicon, fastest, ibm, new, graphene, eventually, material, lead, electronics, develop"
279,Researchers have made key discoveries to build vocal reconstruction technology that recreates the voices of patients who have lost their ability to speak.,0,"scientists, cells, space, tech, sensor, nasa, tiny, cancer, new, use"
280,This Robot Could Be the Key to Helping People With Disabilities,-1,
281,"Groundbreaking achievement as bionic hand merges with user’s nervous and skeletal systems, remaining functional after years of daily use",-1,
282,Battery experts at The University of Texas at Austin have shed new light on crack formation in EV battery electrodes. This is a critical issue facing battery components commonly used in electric vehicles.,3,"robot, robots, shape, fires, fight, carry, flying, soft, sized, robotic"
283,Rugby players to wear mouthguards that detect head injuries | The smart technology can identify concussions early.,0,"scientists, cells, space, tech, sensor, nasa, tiny, cancer, new, use"
284,Plasma tech transforms blue-green algae into a wound-healing wonder,8,"vaccines, gene, viruses, including, microscope, dna, treatment, range, cell, cancer"
285,MIT device could free those with type 1 diabetes from insulin injections and pumps | A living medical device made from human cells with its own life-support system,12,"3d, printing, 3d printing, printed, 3d printed, tissue, brain, skin, blades, researchers"
286,Cornell scientists have characterized the genome of Shewanella oneidensis – a metal-loving bacteria with an affinity for rare earth elements – to replace the harsh chemical processing with a benign practice called biosorption.,8,"vaccines, gene, viruses, including, microscope, dna, treatment, range, cell, cancer"
287,3D Printing Technique Shows Promise for Brain Injury Repair | A breakthrough technique using 3D printing could one day provide tailored repairs for those who suffer brain injuries.,11,"non, non toxic, developed, developed new, electronics, toxic, sensors, quantum, new, getting"
288,Waymo-Zeekr robotaxi poised for US testing by end of 2023,2,"fuel, hydrogen, water, power, powered, clean, solar, generate, researchers, energy"
289,"Revolutionary X-ray microscope unveils sound waves deep within crystals. Scientists developed a groundbreaking technology that allows them to see sound waves and microscopic defects inside crystals, promising insights that connect ultrafast atomic motion to large-scale macroscopic behaviors.",17,"heart, human, transplant, soon, artificial, potential, world, species, number, embryo"
290,Arizona State Students Develop a Solar-Powered Air Filtration System. The units are benefiting Nomadic people in Mongolia.,1,"brain, ai, people, head, new, implant, help, device, tech, ultrasound"
291,New Ukrainian nanotech 'cloak' can hide people from drones | An unnamed Ukrainian scientist has allegedly developed a new material that can mask heat signatures of troops and gear from Russian drones.,10,"wearable, clothing, fabrics, smartphone, liquid, smart, tech, micro, affordable, adaptive"
292,Is it really 100% cotton? Smartphone-sized device can analyze fabrics,9,"bacteria, healing, self, seawater, elements, self healing, cornell, plastic, scientists, computers"
293,Give your wireless network a tinfoil hat! Scientists figure out how to shape Wi-Fi signal strength using 3D-printed (or even cardboard) shapes wrapped in aluminum foil,-1,
294,Space Force approves funding for nuclear fission-powered spacecraft,6,"quantum, computer, physicists, photonic, kind, end, useful, chip, computing, 000"
295,Researchers Develop Bioprinted Full Thickness Human Skin | Bioprinted skin grafts could offer a promising alternative to autologous skin grafting.,11,"non, non toxic, developed, developed new, electronics, toxic, sensors, quantum, new, getting"
296,Archax is a $2.7 million pilotable robot for the ultra-wealthy | Japanese startup Tsubame has 5 units up for preorder.,2,"fuel, hydrogen, water, power, powered, clean, solar, generate, researchers, energy"
297,"Print-on-demand for US Navy ship parts is now a thing | In collaboration with HLL and General Dynamics Electric Boat, the U.S. Navy has successfully 3D printed and installed a crucial piece of one of its nuclear submarines.",11,"non, non toxic, developed, developed new, electronics, toxic, sensors, quantum, new, getting"
298,"These solar-powered, origami-inspired robots can change shape mid-flight.",2,"fuel, hydrogen, water, power, powered, clean, solar, generate, researchers, energy"
299,SoftBank CEO Son says artificial general intelligence will come within 10 years,0,"scientists, cells, space, tech, sensor, nasa, tiny, cancer, new, use"
300,"Researchers develop novel liquid metal circuits for flexible, self-healing wearables",9,"bacteria, healing, self, seawater, elements, self healing, cornell, plastic, scientists, computers"
301,"BAE T-600 drone makes history by dropping a torpedo in a world-first | Jointly developed by BAE Systems and Malloy Aeronautics, a T-600 heavy lift drone has been used to carry and deploy an anti-submarine torpedo for the first time.",14,"drugs, body, lower, filled, patch, blood, push, deliver, inspired, ultrasound"
302,How AI and brain science are helping perfumiers create fragrances,0,"scientists, cells, space, tech, sensor, nasa, tiny, cancer, new, use"
303,This robotic exoskeleton can help runners sprint faster,-1,
304,This octopus-inspired patch could deliver drugs like Ozempic through your cheek | Small rubber suction cups filled with medication were better than tablets at delivering compounds into the bloodstream.,13,"cell, diabetes, injections, type diabetes, home, daily, cells, device, type, implant"
305,"Scientists develop gel from spider venom to boost erections | One of the key advantages of this treatment is its topical application, which can expedite approval processes thanks to lower risks of adverse effects.",13,"cell, diabetes, injections, type diabetes, home, daily, cells, device, type, implant"
306,The ARC nerve-stimulation system could help quadriplegic patients move their arms again,0,"scientists, cells, space, tech, sensor, nasa, tiny, cancer, new, use"
307,Artificial wombs for premature babies might soon begin human trials. An FDA panel discussed the new technology—tested only on animals so far—along with its risks and potential to improve survival of preterm infants.,16,"heat, cooling, material, energy, developing, exposure, extreme, temperatures, 50, effective"
308,We try out the first legal level 3 automated driving system in the US,-1,
309,NASA battery tech to deliver for the grid. A battery built for satellites brings grid-scale storage down to Earth.,3,"robot, robots, shape, fires, fight, carry, flying, soft, sized, robotic"
310,Light therapy helps the brain clear out toxic Alzheimer’s proteins,0,"scientists, cells, space, tech, sensor, nasa, tiny, cancer, new, use"
311,Watery material makes windows selectively block light and/or heat,-1,
312,"The practical power of fusing photons. Changing the color of light supercharges solar energy, 3D printing, and night vision",-1,
313,"Researchers have focused on the moisture present in the air as a potential source of drinking water. In research published PNSA, they reached a breakthrough to create drinkable water out of thin air: a molecularly engineered hydrogel that can create clean water using just the energy from sunlight.",1,"brain, ai, people, head, new, implant, help, device, tech, ultrasound"
314,How inverse vaccines might tackle diseases like multiple sclerosis,7,"nuclear, fusion, built, student built, japan, medicine, plasma, reality, student, uk"
315,University of Maryland Medical Center performs second pig-to-human heart transplant,16,"heat, cooling, material, energy, developing, exposure, extreme, temperatures, 50, effective"
316,Bionic silkworms with spider genes spin fibers 6x tougher than Kevlar,-1,
317,"This $90,000 fireproof tankbot will scout burning buildings for people to save | The robot can withstand temperatures as high as 650 degrees Celsius.",2,"fuel, hydrogen, water, power, powered, clean, solar, generate, researchers, energy"
318,Noise-canceling robots to 'mute' loud conversations in cafe | The smart speaker uses advanced deep-learning algorithms to detect loud locations in a room.,0,"scientists, cells, space, tech, sensor, nasa, tiny, cancer, new, use"
319,"Project Gutenberg releases 5,000 free audiobooks using neural text-to-speech technology | Eventually, anyone might be able to listen to an audiobook in their own voice",0,"scientists, cells, space, tech, sensor, nasa, tiny, cancer, new, use"
320,Intel's glass substrate promises 1T transistors by 2030 | Intel is trying to keep up with the exploding demand for new computing horsepower.,4,"battery, ion, design, homes, grid, range, 000, school, mile, does"
321,"SLAC fires up the world’s most powerful X-ray laser. With up to a million X-ray flashes per second, 8,000x more than its predecessor, it transforms the ability of scientists to explore atomic-scale, ultrafast phenomena that are key to a broad range of applications.",17,"heart, human, transplant, soon, artificial, potential, world, species, number, embryo"
322,See-Through Sensors Hide Eye-Tracking in Plain Sight | Graphene and quantum dots turn electronics transparent,10,"wearable, clothing, fabrics, smartphone, liquid, smart, tech, micro, affordable, adaptive"
323,Soft Robot Walks by Repeatedly Blowing Itself Up Rapid explosive actuation powers this insect-scale robot’s jumps,2,"fuel, hydrogen, water, power, powered, clean, solar, generate, researchers, energy"
324,"UC chemists develop a battery without water that can generate nearly 4 volts of power. The design does so without a membrane-separator, which are among the priciest parts of these kinds of batteries. “We developed a new type of energy storage material that improves performance at a lower cost.”",3,"robot, robots, shape, fires, fight, carry, flying, soft, sized, robotic"
325,This insect-sized robot can carry 22 times its own weight | The four-legged miniature machine is powered by tiny explosions.,2,"fuel, hydrogen, water, power, powered, clean, solar, generate, researchers, energy"
326,Student-built nuclear fusion reactor to debut in Australia | The student-built Tokamak reactor will be 3 X 3 feet in size and be the first such facility built for nuclear fusion in a university,6,"quantum, computer, physicists, photonic, kind, end, useful, chip, computing, 000"
327,CubeSat rocket thruster is so small it has to be made like microchips | This tiny fingernail-length space thruster chip runs on the greenest propellant of all: water.,-1,
328,"Human trials of artificial wombs could start soon. US regulators will consider the first clinical trials of a system that mimics the womb, which could reduce deaths and disability for babies born extremely preterm.",16,"heat, cooling, material, energy, developing, exposure, extreme, temperatures, 50, effective"
329,This driverless car company is using chatbots to make its vehicles smarter.,-1,
330,Computer vision’ reveals unprecedented physical and chemical details of how a lithium-ion battery works. It lets researchers extract pixel-by-pixel information from nanoscale X-ray movies of electrode particles absorbing and releasing lithium ions.,3,"robot, robots, shape, fires, fight, carry, flying, soft, sized, robotic"
331,How software that tracks covid variants could protect us against future outbreaks,7,"nuclear, fusion, built, student built, japan, medicine, plasma, reality, student, uk"
332,Physicists Create Powerful Magnets To De-Freeze Quantum Computing | The magnetic quantum computing material can function at room temperature.,5,"silicon, fastest, ibm, new, graphene, eventually, material, lead, electronics, develop"
333,NASA generates enough oxygen on Mars for a small dog to breathe for ten hours,-1,
334,Virus-searing gloves may one day replace disposables,7,"nuclear, fusion, built, student built, japan, medicine, plasma, reality, student, uk"
335,Ag tech can cut billions of tons of greenhouse gas emissions.,-1,
336,"'Radio quiet' boxes will now power world's largest telescope | Engineers have designed and built the first set of 24 Small Modular Aggregation RFoF Trunk, or SMART boxes.",18,"ray, 10, laser, bright, ultrafast, waves, photons, crystals, atomic, sound waves"
337,"Food fraud can cost as much as $40 billion a year. To fight it, food makers are turning to microchips. The silicon chips are smaller than a grain of sand & cost at a few cents apiece. They are made by p-Chip & use blockchain technology to trace products all the way from growers to grocery shelves.",-1,
338,Electronic Nose 'Smells' Wildfires for Ultra-Early Detection,0,"scientists, cells, space, tech, sensor, nasa, tiny, cancer, new, use"
339,A Japanese city is installing robots in classrooms so kids who are worried about attending school can tune in remotely,2,"fuel, hydrogen, water, power, powered, clean, solar, generate, researchers, energy"
340,This USC Professor Alice Parker is working on how to mimic disorders such as schizophrenia. Parker is currently helping to develop an artificial brain that can replicate the functions of neural mechanisms believed to be important for learning and memory.,0,"scientists, cells, space, tech, sensor, nasa, tiny, cancer, new, use"
341,"Scientists grow whole model of human embryo, without sperm or egg",-1,
342,"US govt. invests $22 million in smart surveillance clothing | The active smart textiles can record audio, video and geolocation data.",9,"bacteria, healing, self, seawater, elements, self healing, cornell, plastic, scientists, computers"
343,Scientists Cryopreserve and Revive Coral Fragments in a World First for Conservation. The new freezing technique could reinvigorate corals suffering from warming oceans—or even preserve human organs in the future.,8,"vaccines, gene, viruses, including, microscope, dna, treatment, range, cell, cancer"
344,"The Ukraine War has accelerated research into lithium-ion battery alternatives, including ones made of sand",3,"robot, robots, shape, fires, fight, carry, flying, soft, sized, robotic"
345,"Blamed for fouling the environment, polyester may help save it. A team from Cornell has created a way to break down old polyester clothing & reuse some of its compounds to make fabrics that are fire resistant, anti-bacterial or wrinkle-free – & halt the proliferation of garment waste in landfills.",-1,
346,Drug-delivery implant thwarts scar tissue by being a moving target,13,"cell, diabetes, injections, type diabetes, home, daily, cells, device, type, implant"
347,Scientists use processed coffee grounds to make stronger concrete,-1,
348,A biotech company says it put dopamine-making cells into people’s brains,0,"scientists, cells, space, tech, sensor, nasa, tiny, cancer, new, use"
349,"For the first time, AI dominates humanity's best in a real-world sport",0,"scientists, cells, space, tech, sensor, nasa, tiny, cancer, new, use"
350,New bioink promotes growth & regeneration of 3D-printed muscle tissue,11,"non, non toxic, developed, developed new, electronics, toxic, sensors, quantum, new, getting"
351,Quantum computer reveals chemical reaction in 100-billionth-speed slow-mo,5,"silicon, fastest, ibm, new, graphene, eventually, material, lead, electronics, develop"
352,Technique shows how abnormal RNA splicing leads to disease,7,"nuclear, fusion, built, student built, japan, medicine, plasma, reality, student, uk"
353,Scientists Treat Severe Injuries in One Eye With Stem Cells From the Other,-1,
354,This startup has engineered a clever way to reuse waste heat from cloud computing. Heata is now using these busy servers to heat water for homes.,15,"jet, class, 72, targets, ice, china, fastest, field, air, developed"
355,Smart contact lens battery charged by human tears | The battery can be charged for up to 200 cycles and does not contain wires or toxic heavy metals.,3,"robot, robots, shape, fires, fight, carry, flying, soft, sized, robotic"
356,All-in-one gadget sees the invisible to accurately spot problem wounds,-1,
357,This Universal Charger Could Simplify the EV Landscape. The charger can top up any EV battery between 120 and 900 volts,3,"robot, robots, shape, fires, fight, carry, flying, soft, sized, robotic"
358,Paralyzed Patients Speak Again Thanks to AI-Powered Brain Implants | Efforts to restore speech to people silenced by brain injuries and diseases have taken a significant step forward.,0,"scientists, cells, space, tech, sensor, nasa, tiny, cancer, new, use"
359,"Scientists developed an invisible tagging system called BrightMarker, which embeds fluorescent tags into objects that can be viewed and tracked through an infrared camera.",10,"wearable, clothing, fabrics, smartphone, liquid, smart, tech, micro, affordable, adaptive"
360,Researchers Develop Arrays of Tiny Crystals That Deliver Efficient Wireless Energy,-1,
361,Tiny faux organs could crack the mystery of menstruation. Researchers are using organoids to unlock one of the human body’s most mysterious—and miraculous—processes.,16,"heat, cooling, material, energy, developing, exposure, extreme, temperatures, 50, effective"
362,"Communication using thought alone? Unbabel unveils AI project to give us superhuman capabilities | The language translation startup has linked a wearable device to Generative AI, helping unlock ALS patients, and more",0,"scientists, cells, space, tech, sensor, nasa, tiny, cancer, new, use"
363,"Fiber Optic Cables Are Natural Earthquake Detectors. Optical cables could give early warnings through dense, low-cost arrays.",-1,
364,CATL's EV battery Shenxing offers 250 miles in 10 minutes | The Chinese manufacturer will put it into production immediately and make it available for users early next year to increase EV adoption.,3,"robot, robots, shape, fires, fight, carry, flying, soft, sized, robotic"
365,Scientists recreate an iconic Pink Floyd song by scanning listeners' brains | The research looked at how brains interact with music.,0,"scientists, cells, space, tech, sensor, nasa, tiny, cancer, new, use"
366,"New silicon-based ""metasurfaces"" can rapidly detect toxins, viruses, cancer, and other diseases | A biochip with wondrous diagnostic capabilities, seemingly ready for commercialization",-1,
367,Apple is already using its chatbot for internal work,-1,
368,"U.S., Japan to develop hypersonic missile interceptor",14,"drugs, body, lower, filled, patch, blood, push, deliver, inspired, ultrasound"
369,"Nvidia aims to captialize on generative AI growth with launch of new Grace Hopper super chip, world's first with HBM3e RAM",0,"scientists, cells, space, tech, sensor, nasa, tiny, cancer, new, use"
370,"What started out as trying to create soft, simulated organs for medical devices & surgical robots, gave us a touch-sensitive, shape-morphing 3D display. This device is about as big as a board game, can create pop-up patterns, manipulate objects across its surface, & shake a beaker of liquid.",-1,
371,High-tech inks let anyone draw stretchable LEDs with a ballpoint pen,-1,
372,Chip implants get under your skin so you can leave your keys at home,12,"3d, printing, 3d printing, printed, 3d printed, tissue, brain, skin, blades, researchers"
373,New high-tech microscope using AI successfully detects malaria in returning travelers | Researchers have tested the accuracy of an automated microscope combined with AI software to identify malaria parasites in blood samples,7,"nuclear, fusion, built, student built, japan, medicine, plasma, reality, student, uk"
374,Liquid-Metal Battery Will Be on the Grid Next Year. The molten calcium-antimony design promises low cost and long life.,3,"robot, robots, shape, fires, fight, carry, flying, soft, sized, robotic"
375,Cruise begins testing self-driving vehicles in Atlanta,-1,
376,US scientists repeat fusion ignition breakthrough for 2nd time,6,"quantum, computer, physicists, photonic, kind, end, useful, chip, computing, 000"
377,Studying climate change with an ice radar drone. This budget system probes beneath the ice to discover its secrets.,14,"drugs, body, lower, filled, patch, blood, push, deliver, inspired, ultrasound"
378,ISS Experiment Hopes to Develop Air Conditioning for Future Habitats on Other Worlds. The experiment will help scientists determine the effects of microgravity on boiling and condensation.,-1,
379,This bioelectronic device lets scientists map electrical signals of the Venus flytrap,-1,
380,China uses 5G robot to do remote eye surgery from 350 miles,-1,
381,Experimental insulin implant uses electricity to control genes,12,"3d, printing, 3d printing, printed, 3d printed, tissue, brain, skin, blades, researchers"
382,"Jiva Materials makes printed circuit boards (PCBs) from natural fibers encased in a non-toxic polymer that dissolves in hot water. That leaves behind whole components previously soldered onto the board, which should be easier to recover.",8,"vaccines, gene, viruses, including, microscope, dna, treatment, range, cell, cancer"
383,AI-powered brain implant restores a paralyzed man’s ability to feel and move,0,"scientists, cells, space, tech, sensor, nasa, tiny, cancer, new, use"
